ACCIDENT_DATE,ACCIDENT_TIME,ALCOHOLTIME,ACCIDENT_TYPE,DCA_CODE,HIT_RUN_FLAG,LIGHT_CONDITION,POLICE_ATTEND,ROAD_GEOMETRY,SEVERITY,SPEED_ZONE,LONGITUDE,LATITUDE,LGA_NAME,REGION_NAME,TOTAL_PERSONS,INJ_OR_FATAL,FATALITY,SERIOUSINJURY,OTHERINJURY,NONINJURED,MALES,FEMALES,BICYCLIST,PASSENGER,DRIVER,PEDESTRIAN,PILLION,MOTORIST,UNKNOWN,PED_CYCLIST_5_12,PED_CYCLIST_13_18,OLD_PEDESTRIAN,OLD_DRIVER,YOUNG_DRIVER,ALCOHOL_RELATED,UNLICENCSED,NO_OF_VEHICLES,HEAVYVEHICLE,PASSENGERVEHICLE,MOTORCYCLE,PUBLICVEHICLE,DEG_URBAN_NAME
13/07/2010,17.05.00,No,Collision with vehicle,RIGHT NEAR (INTERSECTIONS ONLY),No,Dusk/Dawn,Yes,T intersection,Serious injury accident,100 km/hr,146.80228,-36.27689,INDIGO,NORTH EASTERN REGION,6,6,0,3,3,0,1,5,0,4,2,0,0,0,0,0,0,0,0,2,No,0,2,0,2,0,0,Country
7/08/2010,13.00.00,No,Collision with vehicle,OTHER OVERTAKING MANOEUVRES NOT INCLUDED IN DCAs 150-154,Yes,Day,No,Not at intersection,Other injury accident,Not known,146.88133,-36.3731,INDIGO,NORTH EASTERN REGION,2,1,0,0,1,1,2,0,0,0,0,0,0,2,0,0,0,0,0,0,No,0,2,0,0,2,0,Country
18/08/2010,15.15.00,No,Collision with a fixed object,OFF LEFT BEND INTO OBJECT/PARKED VEHICLE,No,Day,Yes,Not at intersection,Serious injury accident,100 km/hr,146.66326,-36.31738,INDIGO,NORTH EASTERN REGION,1,1,0,1,0,0,1,0,0,0,0,0,0,1,0,0,0,0,0,0,No,0,1,0,0,1,0,Country
20/09/2010,01.15.00,Yes,Collision with a fixed object,RIGHT OFF CARRIAGEWAY INTO OBJECT/PARKED VEHICLE,No,Dark No street lights,Yes,Not at intersection,Fatal accident,100 km/hr,146.21279,-36.07073,INDIGO,NORTH EASTERN REGION,2,2,1,1,0,0,1,1,0,1,1,0,0,0,0,0,0,0,0,0,No,0,1,0,1,0,0,Country
24/09/2010,09.55.00,No,Collision with a fixed object,LEFT OFF CARRIAGEWAY INTO OBJECT/PARKED VEHICLE,No,Day,Yes,Not at intersection,Other injury accident,100 km/hr,147.05886,-36.31333,INDIGO,NORTH EASTERN REGION,1,1,0,0,1,0,0,1,0,0,1,0,0,0,0,0,0,0,0,1,No,0,1,0,1,0,0,Country
13/10/2010,14.35.00,No,Collision with a fixed object,LEFT OFF CARRIAGEWAY INTO OBJECT/PARKED VEHICLE,No,Day,Yes,Not at intersection,Other injury accident,110 km/hr,146.67794,-36.10925,INDIGO,NORTH EASTERN REGION,1,1,0,0,1,0,1,0,0,0,1,0,0,0,0,0,0,0,0,0,No,0,1,0,1,0,0,Country
13/10/2010,19.30.00,Yes,Collision with a fixed object,LEFT OFF CARRIAGEWAY INTO OBJECT/PARKED VEHICLE,No,Dark No street lights,Yes,Not at intersection,Fatal accident,100 km/hr,146.69701,-36.31914,INDIGO,NORTH EASTERN REGION,2,2,1,1,0,0,1,1,0,1,1,0,0,0,0,0,0,0,0,0,No,0,1,0,1,0,0,Country
8/11/2010,00.07.00,Yes,collision with some other object,STRUCK OBJECT ON CARRIAGEWAY,No,Dark No street lights,Yes,Not at intersection,Other injury accident,100 km/hr,146.93301,-36.24557,INDIGO,NORTH EASTERN REGION,1,1,0,0,1,0,1,0,0,0,1,0,0,0,0,0,0,0,0,0,No,0,1,0,1,0,0,Country
20/11/2010,00.10.00,Yes,Collision with a fixed object,OFF LEFT BEND INTO OBJECT/PARKED VEHICLE,No,Dark No street lights,Yes,Not at intersection,Serious injury accident,100 km/hr,146.60775,-36.10365,INDIGO,NORTH EASTERN REGION,2,1,0,1,0,1,2,0,0,1,1,0,0,0,0,0,0,0,0,1,No,0,1,0,1,0,0,Country
16/12/2010,09.00.00,No,Vehicle overturned (no collision),OFF CARRIAGEWAY TO LEFT,No,Day,Yes,Not at intersection,Other injury accident,100 km/hr,146.80213,-36.27698,INDIGO,NORTH EASTERN REGION,2,2,0,0,2,0,2,0,0,0,0,0,1,1,0,0,0,0,0,0,No,0,1,0,0,1,0,Country
20/12/2010,05.30.00,Yes,collision with some other object,STRUCK OBJECT ON CARRIAGEWAY,No,Dusk/Dawn,Yes,Not at intersection,Other injury accident,100 km/hr,146.64225,-36.2578,INDIGO,NORTH EASTERN REGION,1,1,0,0,1,0,1,0,0,0,0,0,0,1,0,0,0,0,0,0,No,0,1,0,0,1,0,Country
26/02/2011,18.30.00,Yes,Vehicle overturned (no collision),OUT OF CONTROL ON CARRIAGEWAY (ON BEND),No,Day,Yes,Not at intersection,Other injury accident,100 km/hr,146.66649,-36.31482,INDIGO,NORTH EASTERN REGION,2,1,0,0,1,1,2,0,0,1,1,0,0,0,0,0,0,0,0,1,No,0,1,0,1,0,0,Country
3/03/2011,23.00.00,Yes,No collision and no object struck,OFF CARRIAGEWAY TO LEFT,No,Dark No street lights,Yes,Cross intersection,Other injury accident,40 km/hr,146.99025,-36.23415,INDIGO,NORTH EASTERN REGION,2,2,0,0,2,0,0,2,0,1,1,0,0,0,0,0,0,0,0,0,No,0,1,0,1,0,0,Country
12/03/2011,20.37.00,Yes,Struck animal,STRUCK ANIMAL,No,Dark No street lights,No,Not at intersection,Other injury accident,80 km/hr,146.41776,-36.04013,INDIGO,NORTH EASTERN REGION,1,1,0,0,1,0,0,1,0,0,1,0,0,0,0,0,0,0,0,0,No,0,1,0,1,0,0,Country
24/03/2011,08.45.00,No,Collision with a fixed object,OFF RIGHT BEND INTO OBJECT/PARKED VEHICLE,No,Day,Yes,Not at intersection,Serious injury accident,100 km/hr,146.61649,-36.06263,INDIGO,NORTH EASTERN REGION,1,1,0,1,0,0,0,1,0,0,1,0,0,0,0,0,0,0,0,0,No,0,1,0,1,0,0,Country
27/03/2011,12.30.00,No,Vehicle overturned (no collision),OUT OF CONTROL ON CARRIAGEWAY (ON BEND),No,Day,Yes,Not at intersection,Other injury accident,100 km/hr,146.5793,-36.31792,INDIGO,NORTH EASTERN REGION,5,1,0,0,1,4,4,1,0,4,1,0,0,0,0,0,0,0,0,1,No,0,1,0,1,0,0,Country
11/04/2011,17.00.00,No,Collision with vehicle,RIGHT REAR.,No,Day,Yes,Not at intersection,Other injury accident,50 km/hr,146.6822,-36.3655,INDIGO,NORTH EASTERN REGION,3,1,0,0,1,2,2,1,0,1,2,0,0,0,0,0,0,0,0,0,No,0,2,0,2,0,0,Other Towns
21/04/2011,08.30.00,No,Collision with a fixed object,LEFT OFF CARRIAGEWAY INTO OBJECT/PARKED VEHICLE,No,Day,Yes,Not at intersection,Other injury accident,100 km/hr,146.60903,-36.10974,INDIGO,NORTH EASTERN REGION,1,1,0,0,1,0,1,0,0,0,1,0,0,0,0,0,0,0,0,0,No,0,1,0,1,0,0,Country
27/04/2011,13.10.00,No,Collision with vehicle,LANE CHANGE RIGHT (NOT OVERTAKING),No,Day,Yes,Not at intersection,Serious injury accident,110 km/hr,146.55643,-36.16504,INDIGO,NORTH EASTERN REGION,3,1,0,1,0,2,2,0,0,1,2,0,0,0,0,0,0,0,1,1,No,0,2,0,2,0,0,Country
29/04/2011,17.10.00,Yes,Collision with vehicle,CROSS TRAFFIC(INTERSECTIONS ONLY),No,Dusk/Dawn,Yes,Cross intersection,Serious injury accident,60 km/hr,146.45509,-36.05234,INDIGO,NORTH EASTERN REGION,2,1,0,1,0,1,2,0,0,0,2,0,0,0,0,0,0,0,0,0,No,0,2,1,1,0,0,Other Towns
3/05/2011,18.30.00,Yes,No collision and no object struck,OFF CARRIAGEWAY TO LEFT,No,Dark No street lights,Yes,Not at intersection,Other injury accident,100 km/hr,146.6795,-36.31687,INDIGO,NORTH EASTERN REGION,2,1,0,0,1,1,0,2,0,1,1,0,0,0,0,0,0,0,0,0,No,0,1,0,1,0,0,Country
5/05/2011,12.45.00,No,Vehicle overturned (no collision),OFF CARRIAGEWAY ON LEFT BEND,No,Day,Yes,Not at intersection,Other injury accident,100 km/hr,146.55156,-36.12814,INDIGO,NORTH EASTERN REGION,1,1,0,0,1,0,1,0,0,0,1,0,0,0,0,0,0,0,0,0,No,0,1,0,1,0,0,Country
26/05/2011,11.15.00,No,Collision with a fixed object,RIGHT OFF CARRIAGEWAY INTO OBJECT/PARKED VEHICLE,No,Day,Yes,Not at intersection,Serious injury accident,100 km/hr,146.82229,-36.32081,INDIGO,NORTH EASTERN REGION,1,1,0,1,0,0,1,0,0,0,1,0,0,0,0,0,0,0,0,1,No,0,1,0,1,0,0,Small Towns
3/07/2011,21.55.00,Yes,Collision with a fixed object,RIGHT OFF CARRIAGEWAY INTO OBJECT/PARKED VEHICLE,No,Dark No street lights,Yes,Not at intersection,Serious injury accident,100 km/hr,146.37713,-36.0655,INDIGO,NORTH EASTERN REGION,1,1,0,1,0,0,1,0,0,0,1,0,0,0,0,0,0,0,0,1,No,0,1,0,1,0,0,Country
12/07/2011,15.05.00,No,Collision with a fixed object,OTHER ACCIDENTS-OFF STRAIGHT NOT INCLUDED IN DCAs 170-175,No,Day,Yes,Not at intersection,Other injury accident,100 km/hr,146.70534,-36.34722,INDIGO,NORTH EASTERN REGION,1,1,0,0,1,0,0,1,0,0,1,0,0,0,0,0,0,0,0,0,No,0,1,0,1,0,0,Country
13/07/2011,14.00.00,No,Collision with vehicle,RIGHT NEAR (INTERSECTIONS ONLY),No,Day,Yes,T intersection,Other injury accident,100 km/hr,146.41432,-36.03854,INDIGO,NORTH EASTERN REGION,3,2,0,0,2,1,2,1,0,1,2,0,0,0,0,0,0,0,0,1,No,0,2,1,1,0,0,Country
18/07/2011,13.50.00,No,Collision with vehicle,HEAD ON (NOT OVERTAKING),No,Day,Yes,Not at intersection,Serious injury accident,100 km/hr,146.63234,-36.37656,INDIGO,NORTH EASTERN REGION,3,3,0,3,0,0,1,2,0,1,2,0,0,0,0,0,0,0,0,0,No,0,2,0,2,0,0,Country
22/07/2011,12.50.00,No,Collision with vehicle,CROSS TRAFFIC(INTERSECTIONS ONLY),No,Day,Yes,Cross intersection,Other injury accident,50 km/hr,146.60972,-36.14966,INDIGO,NORTH EASTERN REGION,2,2,0,0,2,0,0,2,0,0,2,0,0,0,0,0,0,0,1,0,No,0,2,0,2,0,0,Small Towns
8/09/2011,07.00.00,No,Collision with a fixed object,LEFT OFF CARRIAGEWAY INTO OBJECT/PARKED VEHICLE,No,Day,Yes,Not at intersection,Other injury accident,100 km/hr,146.47268,-36.09052,INDIGO,NORTH EASTERN REGION,1,1,0,0,1,0,1,0,0,0,1,0,0,0,0,0,0,0,0,0,No,0,1,0,0,0,0,Country
15/09/2011,23.20.00,Yes,Struck animal,STRUCK ANIMAL,No,Dark No street lights,Yes,Not at intersection,Other injury accident,100 km/hr,147.05703,-36.31609,INDIGO,NORTH EASTERN REGION,1,1,0,0,1,0,1,0,0,0,1,0,0,0,0,0,0,0,0,0,No,0,1,0,1,0,0,Country
29/09/2011,06.55.00,No,Collision with a fixed object,LEFT OFF CARRIAGEWAY INTO OBJECT/PARKED VEHICLE,No,Day,Yes,Not at intersection,Other injury accident,100 km/hr,146.54846,-36.04783,INDIGO,NORTH EASTERN REGION,2,2,0,0,2,0,2,0,0,1,1,0,0,0,0,0,0,0,0,1,No,0,1,0,1,0,0,Country
1/10/2011,17.25.00,Yes,Collision with a fixed object,RIGHT OFF CARRIAGEWAY INTO OBJECT/PARKED VEHICLE,No,Dusk/Dawn,Yes,Not at intersection,Serious injury accident,100 km/hr,146.50294,-36.08891,INDIGO,NORTH EASTERN REGION,1,1,0,1,0,0,1,0,0,0,1,0,0,0,0,0,0,0,0,0,No,0,1,0,1,0,0,Country
21/10/2011,15.42.00,No,Collision with vehicle,CROSS TRAFFIC(INTERSECTIONS ONLY),No,Day,Yes,Cross intersection,Other injury accident,100 km/hr,146.42849,-36.0587,INDIGO,NORTH EASTERN REGION,7,6,0,0,6,1,1,6,0,5,2,0,0,0,0,0,0,0,0,0,No,0,2,0,2,0,0,Country
24/10/2011,10.10.00,No,Vehicle overturned (no collision),OFF CARRIAGEWAY TO LEFT,No,Day,Yes,Not at intersection,Serious injury accident,110 km/hr,146.64058,-36.1459,INDIGO,NORTH EASTERN REGION,1,1,0,1,0,0,1,0,0,0,1,0,0,0,0,0,0,0,0,0,No,0,1,0,1,0,0,Country
31/10/2011,19.20.00,Yes,Collision with vehicle,LEFT REAR,No,Dusk/Dawn,Yes,T intersection,Serious injury accident,100 km/hr,146.54298,-36.10424,INDIGO,NORTH EASTERN REGION,4,4,0,4,0,0,2,2,0,0,0,0,2,2,0,0,0,0,0,0,No,1,2,0,0,2,0,Country
31/10/2011,10.30.00,No,Collision with a fixed object,LEFT OFF CARRIAGEWAY INTO OBJECT/PARKED VEHICLE,No,Day,No,Not at intersection,Other injury accident,Not known,147.03868,-36.39288,INDIGO,NORTH EASTERN REGION,1,1,0,0,1,0,1,0,0,0,0,0,0,1,0,0,0,0,0,0,No,0,1,0,0,1,0,Country
4/11/2011,14.45.00,No,No collision and no object struck,OFF CARRIAGEWAY ON RIGHT BEND,No,Day,Yes,T intersection,Serious injury accident,100 km/hr,146.9159,-36.2835,INDIGO,NORTH EASTERN REGION,1,1,0,1,0,0,1,0,0,0,0,0,0,1,0,0,0,0,0,0,No,0,1,0,0,1,0,Country
6/11/2011,15.11.00,No,Vehicle overturned (no collision),OFF CARRIAGEWAY TO RIGHT,No,Day,Yes,Not at intersection,Serious injury accident,100 km/hr,147.10926,-36.27371,INDIGO,NORTH EASTERN REGION,1,1,0,1,0,0,1,0,0,0,1,0,0,0,0,0,0,0,0,0,No,0,1,0,1,0,0,Country
9/11/2011,15.20.00,No,No collision and no object struck,OFF CARRIAGEWAY TO LEFT,No,Day,Yes,Not at intersection,Other injury accident,100 km/hr,146.41669,-36.03997,INDIGO,NORTH EASTERN REGION,1,1,0,0,1,0,0,1,0,0,1,0,0,0,0,0,0,0,0,1,No,0,1,0,1,0,0,Country
18/12/2011,17.00.00,Yes,No collision and no object struck,OFF CARRIAGEWAY ON LEFT BEND,No,Day,Yes,Not at intersection,Other injury accident,100 km/hr,146.72954,-36.37576,INDIGO,NORTH EASTERN REGION,4,2,0,0,2,2,2,2,0,3,1,0,0,0,0,0,0,0,0,0,No,0,1,0,1,0,0,Country
19/12/2011,08.10.00,No,Collision with a fixed object,LEFT OFF CARRIAGEWAY INTO OBJECT/PARKED VEHICLE,No,Day,Yes,Not at intersection,Serious injury accident,100 km/hr,146.39977,-36.06278,INDIGO,NORTH EASTERN REGION,1,1,0,1,0,0,0,1,0,0,1,0,0,0,0,0,0,0,0,0,No,0,1,0,1,0,0,Country
6/01/2012,12.30.00,No,Collision with a fixed object,RIGHT OFF CARRIAGEWAY INTO OBJECT/PARKED VEHICLE,No,Day,Yes,Not at intersection,Other injury accident,100 km/hr,147.11065,-36.34795,INDIGO,NORTH EASTERN REGION,1,1,0,0,1,0,0,1,0,0,1,0,0,0,0,0,0,0,0,0,No,0,1,0,1,0,0,Country
6/01/2012,15.30.00,No,No collision and no object struck,OTHER ACCIDENTS ON CURVE NOT INCLUDED IN DCAs 180-184,No,Day,No,T intersection,Other injury accident,100 km/hr,146.60855,-36.10716,INDIGO,NORTH EASTERN REGION,1,1,0,0,1,0,1,0,0,0,0,0,0,1,0,0,0,0,0,0,No,0,1,0,0,1,0,Country
7/01/2012,07.02.00,Yes,Collision with a fixed object,LEFT OFF CARRIAGEWAY INTO OBJECT/PARKED VEHICLE,No,Day,Yes,Not at intersection,Other injury accident,110 km/hr,146.69518,-36.09544,INDIGO,NORTH EASTERN REGION,1,1,0,0,1,0,1,0,0,0,1,0,0,0,0,0,0,0,0,0,No,0,1,0,1,0,0,Country
11/01/2012,11.00.00,No,No collision and no object struck,OFF CARRIAGEWAY ON LEFT BEND,No,Day,Yes,Not at intersection,Serious injury accident,60 km/hr,147.03263,-36.28129,INDIGO,NORTH EASTERN REGION,1,1,0,1,0,0,0,1,0,0,0,0,0,1,0,0,0,0,0,0,No,0,1,0,0,1,0,Country
12/01/2012,16.57.00,No,Collision with vehicle,RIGHT REAR.,No,Day,Yes,Cross intersection,Fatal accident,100 km/hr,146.68287,-36.05472,INDIGO,NORTH EASTERN REGION,6,3,1,1,1,3,4,2,0,3,3,0,0,0,0,0,0,0,0,1,No,0,3,0,3,0,0,Country
14/01/2012,13.45.00,No,Collision with vehicle,LEFT NEAR (INTERSECTIONS ONLY),No,Day,Yes,T intersection,Serious injury accident,100 km/hr,146.68287,-36.05472,INDIGO,NORTH EASTERN REGION,7,2,0,2,0,5,3,4,0,5,2,0,0,0,0,0,0,0,1,0,No,0,2,0,1,0,1,Country
20/01/2012,15.30.00,No,Collision with vehicle,RIGHT NEAR (INTERSECTIONS ONLY),No,Day,Yes,T intersection,Serious injury accident,100 km/hr,147.07562,-36.2574,INDIGO,NORTH EASTERN REGION,5,5,0,1,4,0,2,3,0,3,2,0,0,0,0,0,0,0,0,0,No,0,2,0,2,0,0,Country
22/01/2012,10.25.00,No,Struck animal,STRUCK ANIMAL,No,Day,Yes,Not at intersection,Serious injury accident,100 km/hr,146.59154,-36.13421,INDIGO,NORTH EASTERN REGION,1,1,0,1,0,0,1,0,0,0,0,0,0,1,0,0,0,0,0,0,No,0,1,0,0,1,0,Country
30/01/2012,18.30.00,Yes,No collision and no object struck,OFF CARRIAGEWAY ON RIGHT BEND,No,Day,Yes,Not at intersection,Serious injury accident,100 km/hr,147.03505,-36.32011,INDIGO,NORTH EASTERN REGION,2,1,0,1,0,1,1,1,0,1,1,0,0,0,0,0,0,0,0,1,No,0,1,0,1,0,0,Country
1/02/2012,12.30.00,No,Collision with a fixed object,RIGHT OFF CARRIAGEWAY INTO OBJECT/PARKED VEHICLE,No,Day,Yes,Not at intersection,Serious injury accident,100 km/hr,146.72369,-36.29084,INDIGO,NORTH EASTERN REGION,1,1,0,1,0,0,0,1,0,0,1,0,0,0,0,0,0,0,0,0,No,0,1,0,1,0,0,Country
4/02/2012,19.00.00,Yes,Collision with vehicle,PULLING OUT (OVERTAKING),No,Day,Yes,Not at intersection,Serious injury accident,100 km/hr,147.02211,-36.27452,INDIGO,NORTH EASTERN REGION,3,1,0,1,0,2,3,0,0,1,2,0,0,0,0,0,0,0,0,1,No,0,2,0,2,0,0,Country
5/02/2012,16.00.00,Yes,Fall from or in moving vehicle,FELL IN/FROM VEHICLE,No,Day,Yes,Cross intersection,Serious injury accident,50 km/hr,146.67695,-36.10398,INDIGO,NORTH EASTERN REGION,2,1,0,1,0,1,1,1,0,1,1,0,0,0,0,0,0,0,0,1,No,0,1,0,1,0,0,Small Towns
11/02/2012,19.20.00,Yes,Fall from or in moving vehicle,OUT OF CONTROL ON CARRIAGEWAY (ON BEND),No,Day,Yes,Not at intersection,Serious injury accident,100 km/hr,146.90359,-36.3143,INDIGO,NORTH EASTERN REGION,1,1,0,1,0,0,0,1,0,0,0,0,0,1,0,0,0,0,0,0,No,0,1,0,0,1,0,Country
16/02/2012,17.25.00,No,Collision with vehicle,VEHICLE STRIKES ANOTHER VEH WHILE EMERGING FROM DRIVEWAY,No,Day,Yes,Not at intersection,Other injury accident,100 km/hr,146.81997,-36.2541,INDIGO,NORTH EASTERN REGION,2,2,0,0,2,0,1,1,0,0,2,0,0,0,0,0,0,0,0,2,No,0,2,0,2,0,0,Country
24/02/2012,17.30.00,Yes,Collision with a fixed object,OFF LEFT BEND INTO OBJECT/PARKED VEHICLE,No,Day,No,Not at intersection,Other injury accident,100 km/hr,146.86778,-36.32438,INDIGO,NORTH EASTERN REGION,1,1,0,0,1,0,1,0,0,0,1,0,0,0,0,0,0,0,0,1,No,0,1,0,1,0,0,Country
25/02/2012,10.20.00,No,No collision and no object struck,OFF CARRIAGEWAY TO RIGHT,No,Day,Yes,Not at intersection,Other injury accident,110 km/hr,146.69799,-36.09472,INDIGO,NORTH EASTERN REGION,2,1,0,0,1,1,1,1,0,1,1,0,0,0,0,0,0,0,0,0,No,0,1,0,1,0,0,Country
11/03/2012,06.40.00,Yes,Collision with a fixed object,OFF RIGHT BEND INTO OBJECT/PARKED VEHICLE,No,Dusk/Dawn,Yes,Not at intersection,Serious injury accident,100 km/hr,146.61934,-36.01109,INDIGO,NORTH EASTERN REGION,1,1,0,1,0,0,0,1,0,0,1,0,0,0,0,0,0,0,0,0,No,0,1,0,1,0,0,Country
25/03/2012,20.30.00,Yes,Vehicle overturned (no collision),OFF CARRIAGEWAY TO RIGHT,No,Dark No street lights,Yes,Not at intersection,Serious injury accident,100 km/hr,147.10003,-36.31065,INDIGO,NORTH EASTERN REGION,2,2,0,2,0,0,2,0,0,1,1,0,0,0,0,0,0,0,0,1,No,0,1,0,1,0,0,Country
1/04/2012,13.30.00,No,Fall from or in moving vehicle,FELL IN/FROM VEHICLE,No,Day,No,Not at intersection,Serious injury accident,100 km/hr,146.53989,-36.08258,INDIGO,NORTH EASTERN REGION,2,1,0,1,0,1,2,0,0,1,1,0,0,0,0,0,0,0,0,0,No,0,1,0,1,0,0,Country
1/04/2012,16.30.00,Yes,Struck animal,STRUCK ANIMAL,No,Day,No,Not at intersection,Serious injury accident,Not known,146.65097,-36.27146,INDIGO,NORTH EASTERN REGION,1,1,0,1,0,0,1,0,0,0,0,0,0,1,0,0,0,0,0,0,No,0,1,0,0,1,0,Country
7/04/2012,03.55.00,Yes,Vehicle overturned (no collision),OUT OF CONTROL ON CARRIAGEWAY (ON STRAIGHT),No,Dark No street lights,Yes,Not at intersection,Serious injury accident,100 km/hr,146.71662,-36.29173,INDIGO,NORTH EASTERN REGION,3,3,0,2,1,0,1,2,0,2,1,0,0,0,0,0,0,0,0,0,No,0,1,0,1,0,0,Country
14/04/2012,07.15.00,Yes,Collision with a fixed object,RIGHT OFF CARRIAGEWAY INTO OBJECT/PARKED VEHICLE,No,Day,Yes,Not at intersection,Serious injury accident,100 km/hr,146.79242,-36.23544,INDIGO,NORTH EASTERN REGION,1,1,0,1,0,0,1,0,0,0,1,0,0,0,0,0,0,0,0,0,No,0,1,0,1,0,0,Country
19/04/2012,14.55.00,No,Vehicle overturned (no collision),OFF CARRIAGEWAY TO RIGHT,No,Day,Yes,Not at intersection,Serious injury accident,110 km/hr,146.63537,-36.1491,INDIGO,NORTH EASTERN REGION,3,3,0,2,1,0,1,2,0,2,1,0,0,0,0,0,0,0,0,0,No,0,1,0,1,0,0,Country
20/04/2012,16.10.00,Yes,Vehicle overturned (no collision),OFF CARRIAGEWAY ON LEFT BEND,No,Day,Yes,Not at intersection,Other injury accident,100 km/hr,146.69634,-36.41033,INDIGO,NORTH EASTERN REGION,1,1,0,0,1,0,0,1,0,0,1,0,0,0,0,0,0,0,0,1,No,0,1,0,1,0,0,Country
28/04/2012,01.20.00,Yes,Collision with a fixed object,RIGHT OFF CARRIAGEWAY INTO OBJECT/PARKED VEHICLE,No,Dark No street lights,Yes,Not at intersection,Other injury accident,100 km/hr,146.68972,-36.37887,INDIGO,NORTH EASTERN REGION,1,1,0,0,1,0,1,0,0,0,1,0,0,0,0,0,0,0,0,1,Yes,0,1,0,1,0,0,Other Towns
12/05/2012,16.10.00,Yes,Collision with vehicle,CROSS TRAFFIC(INTERSECTIONS ONLY),No,Day,Yes,Cross intersection,Serious injury accident,100 km/hr,146.42849,-36.0587,INDIGO,NORTH EASTERN REGION,5,5,0,5,0,0,3,2,0,3,2,0,0,0,0,0,0,0,0,0,No,0,2,0,2,0,0,Country
12/05/2012,09.00.00,No,No collision and no object struck,OTHER ACCIDENTS-OFF STRAIGHT NOT INCLUDED IN DCAs 170-175,No,Day,No,Not at intersection,Serious injury accident,100 km/hr,146.48959,-35.99803,INDIGO,NORTH EASTERN REGION,1,1,0,1,0,0,1,0,0,0,0,0,0,1,0,0,0,0,0,0,No,0,1,0,0,1,0,Country
13/05/2012,12.45.00,No,No collision and no object struck,OUT OF CONTROL ON CARRIAGEWAY (ON BEND),No,Day,Yes,Not at intersection,Other injury accident,100 km/hr,146.68776,-36.33425,INDIGO,NORTH EASTERN REGION,1,1,0,0,1,0,1,0,0,0,0,0,0,1,0,0,0,0,0,0,No,0,1,0,0,1,0,Country
16/05/2012,02.20.00,Yes,Collision with a fixed object,OFF RIGHT BEND INTO OBJECT/PARKED VEHICLE,No,Dark No street lights,Yes,Not at intersection,Other injury accident,100 km/hr,146.41571,-36.02864,INDIGO,NORTH EASTERN REGION,3,1,0,0,1,2,2,1,0,2,1,0,0,0,0,0,0,0,0,1,No,0,1,0,1,0,0,Country
16/06/2012,11.30.00,No,No collision and no object struck,OFF CARRIAGEWAY ON RIGHT BEND,No,Day,Yes,Not at intersection,Serious injury accident,Not known,146.83928,-36.3516,INDIGO,NORTH EASTERN REGION,1,1,0,1,0,0,1,0,0,0,0,0,0,1,0,0,0,0,0,0,No,0,1,0,0,1,0,Country
25/06/2012,18.40.00,Yes,No collision and no object struck,OFF CARRIAGEWAY ON RIGHT BEND,No,Dark No street lights,Yes,Not at intersection,Other injury accident,100 km/hr,147.02698,-36.32855,INDIGO,NORTH EASTERN REGION,2,2,0,0,2,0,1,1,0,1,1,0,0,0,0,0,0,0,0,0,No,0,1,0,1,0,0,Country
25/06/2012,14.05.00,No,Vehicle overturned (no collision),OFF CARRIAGEWAY TO LEFT,No,Day,Yes,Not at intersection,Other injury accident,100 km/hr,147.03721,-36.29138,INDIGO,NORTH EASTERN REGION,1,1,0,0,1,0,0,1,0,0,1,0,0,0,0,0,0,0,0,1,No,0,1,0,1,0,0,Country
26/06/2012,19.15.00,Yes,Collision with vehicle,CROSS TRAFFIC(INTERSECTIONS ONLY),No,Dark Street lights on,Yes,Multiple intersection,Other injury accident,60 km/hr,146.46245,-36.05557,INDIGO,NORTH EASTERN REGION,3,1,0,0,1,2,1,2,0,1,2,0,0,0,0,0,0,0,0,1,No,0,2,0,2,0,0,Other Towns
5/07/2012,14.00.00,No,No collision and no object struck,OUT OF CONTROL ON CARRIAGEWAY (ON BEND),No,Day,No,Not at intersection,Other injury accident,Not known,146.78894,-36.16813,INDIGO,NORTH EASTERN REGION,1,1,0,0,1,0,1,0,0,0,0,0,0,1,0,0,0,0,0,0,No,0,1,0,0,1,0,Country
14/07/2012,19.50.00,Yes,Collision with a fixed object,LEFT OFF CARRIAGEWAY INTO OBJECT/PARKED VEHICLE,No,Dark No street lights,Yes,Not at intersection,Fatal accident,80 km/hr,146.59271,-36.15083,INDIGO,NORTH EASTERN REGION,1,1,1,0,0,0,1,0,0,0,1,0,0,0,0,0,0,0,0,0,No,0,1,0,1,0,0,Small Towns
16/07/2012,07.10.00,Yes,Collision with a fixed object,OFF LEFT BEND INTO OBJECT/PARKED VEHICLE,No,Dusk/Dawn,Yes,Not at intersection,Other injury accident,100 km/hr,147.03614,-36.31864,INDIGO,NORTH EASTERN REGION,1,1,0,0,1,0,1,0,0,0,1,0,0,0,0,0,0,0,0,1,No,0,1,0,1,0,0,Country
3/08/2012,15.30.00,No,Vehicle overturned (no collision),OTHER ACCIDENTS-OFF STRAIGHT NOT INCLUDED IN DCAs 170-175,No,Day,No,Not at intersection,Serious injury accident,100 km/hr,146.8032,-36.2763,INDIGO,NORTH EASTERN REGION,1,1,0,1,0,0,1,0,0,0,0,0,0,1,0,0,0,0,0,0,No,0,1,0,0,1,0,Country